global_order,category_order,category,filename,requested_width,source_url
1,1,01-living-room,01-01-838ee00a-a11b-46e4-9b46-556350a75194.jpeg,2560,https://a0.muscache.com/im/pictures/hosting/Hosting-1516054436387600999/original/838ee00a-a11b-46e4-9b46-556350a75194.jpeg?im_w=2560
2,2,01-living-room,02-02-1ec6d679-9044-49e1-bf27-ce5887cb0dce.jpeg,2560,https://a0.muscache.com/im/pictures/hosting/Hosting-1516054436387600999/original/1ec6d679-9044-49e1-bf27-ce5887cb0dce.jpeg?im_w=2560
3,3,01-living-room,03-03-d9eb092f-6a30-4d25-81fa-cd24b028f33e.jpeg,2560,https://a0.muscache.com/im/pictures/hosting/Hosting-1516054436387600999/original/d9eb092f-6a30-4d25-81fa-cd24b028f33e.jpeg?im_w=2560
4,4,01-living-room,04-04-dec4c0df-a664-4ddd-addf-273d91d610c4.jpeg,2560,https://a0.muscache.com/im/pictures/hosting/Hosting-1516054436387600999/original/dec4c0df-a664-4ddd-addf-273d91d610c4.jpeg?im_w=2560
5,5,01-living-room,05-05-1706a481-1a5f-45e3-8b8f-5763ee1be53b.jpeg,2560,https://a0.muscache.com/im/pictures/hosting/Hosting-1516054436387600999/original/1706a481-1a5f-45e3-8b8f-5763ee1be53b.jpeg?im_w=2560
6,6,01-living-room,06-06-b5077058-4ca5-4d9f-ae1e-b0d990e6094f.jpeg,2560,https://a0.muscache.com/im/pictures/hosting/Hosting-1516054436387600999/original/b5077058-4ca5-4d9f-ae1e-b0d990e6094f.jpeg?im_w=2560
7,7,01-living-room,07-07-466ebe7f-0642-4ac2-a035-d9a586379cd7.jpeg,2560,https://a0.muscache.com/im/pictures/hosting/Hosting-1516054436387600999/original/466ebe7f-0642-4ac2-a035-d9a586379cd7.jpeg?im_w=2560
8,8,01-living-room,08-08-211516c5-5c8a-4792-895a-5827d9b84df0.jpeg,2560,https://a0.muscache.com/im/pictures/hosting/Hosting-1516054436387600999/original/211516c5-5c8a-4792-895a-5827d9b84df0.jpeg?im_w=2560
9,1,02-full-kitchen,09-01-d9a5a3e5-7255-42a8-8a7d-bcc6a8d73707.jpeg,2560,https://a0.muscache.com/im/pictures/hosting/Hosting-1516054436387600999/original/d9a5a3e5-7255-42a8-8a7d-bcc6a8d73707.jpeg?im_w=2560
10,2,02-full-kitchen,10-02-46cef4dc-2e2d-42ed-99e4-aaadd4e93d8b.jpeg,2560,https://a0.muscache.com/im/pictures/hosting/Hosting-1516054436387600999/original/46cef4dc-2e2d-42ed-99e4-aaadd4e93d8b.jpeg?im_w=2560
11,3,02-full-kitchen,11-03-b49988b3-7ef7-45f6-9f85-371fc15127cc.jpeg,2560,https://a0.muscache.com/im/pictures/hosting/Hosting-1516054436387600999/original/b49988b3-7ef7-45f6-9f85-371fc15127cc.jpeg?im_w=2560
12,4,02-full-kitchen,12-04-dcc7063c-6871-4fab-a5ca-056105674bfd.jpeg,2560,https://a0.muscache.com/im/pictures/hosting/Hosting-1516054436387600999/original/dcc7063c-6871-4fab-a5ca-056105674bfd.jpeg?im_w=2560
13,5,02-full-kitchen,13-05-e8abba66-6245-4c10-9dce-f44ea8926375.jpeg,2560,https://a0.muscache.com/im/pictures/hosting/Hosting-1516054436387600999/original/e8abba66-6245-4c10-9dce-f44ea8926375.jpeg?im_w=2560
14,6,02-full-kitchen,14-06-d51a17b0-a18b-4d22-bcf2-5f161bebb75f.jpeg,2560,https://a0.muscache.com/im/pictures/hosting/Hosting-1516054436387600999/original/d51a17b0-a18b-4d22-bcf2-5f161bebb75f.jpeg?im_w=2560
15,7,02-full-kitchen,15-07-33b8b017-8acc-45a5-aca6-23b7f0214748.jpeg,2560,https://a0.muscache.com/im/pictures/hosting/Hosting-1516054436387600999/original/33b8b017-8acc-45a5-aca6-23b7f0214748.jpeg?im_w=2560
16,8,02-full-kitchen,16-08-f7b90ff0-56fe-456f-a7c9-8add90b76818.jpeg,2560,https://a0.muscache.com/im/pictures/hosting/Hosting-1516054436387600999/original/f7b90ff0-56fe-456f-a7c9-8add90b76818.jpeg?im_w=2560
17,9,02-full-kitchen,17-09-bb3f2d34-fe80-41cb-8da2-506ec1508db5.jpeg,2560,https://a0.muscache.com/im/pictures/hosting/Hosting-1516054436387600999/original/bb3f2d34-fe80-41cb-8da2-506ec1508db5.jpeg?im_w=2560
18,10,02-full-kitchen,18-10-18cf57e0-cf45-4022-a205-395fee2ed7cd.jpeg,2560,https://a0.muscache.com/im/pictures/hosting/Hosting-1516054436387600999/original/18cf57e0-cf45-4022-a205-395fee2ed7cd.jpeg?im_w=2560
19,11,02-full-kitchen,19-11-fd0ef309-73a1-4595-9c1a-144b54e1f819.jpeg,2560,https://a0.muscache.com/im/pictures/hosting/Hosting-1516054436387600999/original/fd0ef309-73a1-4595-9c1a-144b54e1f819.jpeg?im_w=2560
20,12,02-full-kitchen,20-12-896f44f4-0b28-4b1b-a9a2-ea9a11d1c1a4.jpeg,2560,https://a0.muscache.com/im/pictures/hosting/Hosting-1516054436387600999/original/896f44f4-0b28-4b1b-a9a2-ea9a11d1c1a4.jpeg?im_w=2560
21,13,02-full-kitchen,21-13-876ad2db-be16-4466-88ef-3dce8ca50934.jpeg,2560,https://a0.muscache.com/im/pictures/hosting/Hosting-1516054436387600999/original/876ad2db-be16-4466-88ef-3dce8ca50934.jpeg?im_w=2560
22,1,03-bedroom-1,22-01-b91cec17-9c9f-472f-b094-5da6b2d5b78c.jpeg,2560,https://a0.muscache.com/im/pictures/hosting/Hosting-1516054436387600999/original/b91cec17-9c9f-472f-b094-5da6b2d5b78c.jpeg?im_w=2560
23,2,03-bedroom-1,23-02-97593077-5d25-48c8-823d-67c0f0bc4ede.jpeg,2560,https://a0.muscache.com/im/pictures/hosting/Hosting-1516054436387600999/original/97593077-5d25-48c8-823d-67c0f0bc4ede.jpeg?im_w=2560
24,3,03-bedroom-1,24-03-3c5f9221-789b-47f5-80dd-651f0ed35c98.jpeg,2560,https://a0.muscache.com/im/pictures/hosting/Hosting-1516054436387600999/original/3c5f9221-789b-47f5-80dd-651f0ed35c98.jpeg?im_w=2560
25,4,03-bedroom-1,25-04-d6a64509-79d9-430d-a6dc-7b6983ffb8d5.jpeg,2560,https://a0.muscache.com/im/pictures/hosting/Hosting-1516054436387600999/original/d6a64509-79d9-430d-a6dc-7b6983ffb8d5.jpeg?im_w=2560
26,5,03-bedroom-1,26-05-126b1ef1-7b91-4456-9164-9e710e949141.jpeg,2560,https://a0.muscache.com/im/pictures/hosting/Hosting-1516054436387600999/original/126b1ef1-7b91-4456-9164-9e710e949141.jpeg?im_w=2560
27,6,03-bedroom-1,27-06-bb12c327-0d2f-4278-af5c-b80d9d02290e.jpeg,2560,https://a0.muscache.com/im/pictures/hosting/Hosting-1516054436387600999/original/bb12c327-0d2f-4278-af5c-b80d9d02290e.jpeg?im_w=2560
28,7,03-bedroom-1,28-07-31bdb3af-1ab4-4529-9a8e-4be885952de1.jpeg,2560,https://a0.muscache.com/im/pictures/hosting/Hosting-1516054436387600999/original/31bdb3af-1ab4-4529-9a8e-4be885952de1.jpeg?im_w=2560
29,1,04-bedroom-2,29-01-eed199dc-c073-405a-9727-d26c0d1e66b5.jpeg,2560,https://a0.muscache.com/im/pictures/hosting/Hosting-1516054436387600999/original/eed199dc-c073-405a-9727-d26c0d1e66b5.jpeg?im_w=2560
30,2,04-bedroom-2,30-02-e687bd4b-0116-4c30-88f1-2ed3a1edeb54.jpeg,2560,https://a0.muscache.com/im/pictures/hosting/Hosting-1516054436387600999/original/e687bd4b-0116-4c30-88f1-2ed3a1edeb54.jpeg?im_w=2560
31,3,04-bedroom-2,31-03-79937a1c-eb98-4cfb-a771-1e6e16a68a2a.jpeg,2560,https://a0.muscache.com/im/pictures/hosting/Hosting-1516054436387600999/original/79937a1c-eb98-4cfb-a771-1e6e16a68a2a.jpeg?im_w=2560
32,4,04-bedroom-2,32-04-23ac52c1-46f9-43d7-9c4a-da38ea6f7c2f.jpeg,2560,https://a0.muscache.com/im/pictures/hosting/Hosting-1516054436387600999/original/23ac52c1-46f9-43d7-9c4a-da38ea6f7c2f.jpeg?im_w=2560
33,5,04-bedroom-2,33-05-8b736417-2e55-4258-813b-eae5fa1c6225.jpeg,2560,https://a0.muscache.com/im/pictures/hosting/Hosting-1516054436387600999/original/8b736417-2e55-4258-813b-eae5fa1c6225.jpeg?im_w=2560
34,6,04-bedroom-2,34-06-a3f6b2ff-dbab-448e-b398-94e5f4b5a81a.jpeg,2560,https://a0.muscache.com/im/pictures/hosting/Hosting-1516054436387600999/original/a3f6b2ff-dbab-448e-b398-94e5f4b5a81a.jpeg?im_w=2560
35,1,05-bedroom-3,35-01-00de1204-e4ab-41e2-9eab-1e4cccb48f70.jpeg,2560,https://a0.muscache.com/im/pictures/hosting/Hosting-1516054436387600999/original/00de1204-e4ab-41e2-9eab-1e4cccb48f70.jpeg?im_w=2560
36,2,05-bedroom-3,36-02-72458056-588a-4f6f-8dd2-0914406644a4.jpeg,2560,https://a0.muscache.com/im/pictures/hosting/Hosting-1516054436387600999/original/72458056-588a-4f6f-8dd2-0914406644a4.jpeg?im_w=2560
37,3,05-bedroom-3,37-03-75e8b938-3705-4f53-8969-a555afc1e91c.jpeg,2560,https://a0.muscache.com/im/pictures/hosting/Hosting-1516054436387600999/original/75e8b938-3705-4f53-8969-a555afc1e91c.jpeg?im_w=2560
38,4,05-bedroom-3,38-04-7cb28915-a21f-4365-baa3-a9a0f31309fd.jpeg,2560,https://a0.muscache.com/im/pictures/hosting/Hosting-1516054436387600999/original/7cb28915-a21f-4365-baa3-a9a0f31309fd.jpeg?im_w=2560
39,5,05-bedroom-3,39-05-47e70f62-018a-40a2-8d82-306e76b5b392.jpeg,2560,https://a0.muscache.com/im/pictures/hosting/Hosting-1516054436387600999/original/47e70f62-018a-40a2-8d82-306e76b5b392.jpeg?im_w=2560
40,6,05-bedroom-3,40-06-c768483f-f24d-4920-bdfe-fd6bfc95edc7.jpeg,2560,https://a0.muscache.com/im/pictures/hosting/Hosting-1516054436387600999/original/c768483f-f24d-4920-bdfe-fd6bfc95edc7.jpeg?im_w=2560
41,1,06-bedroom-4,41-01-bfda8dbe-e035-4d87-a387-fbaae39368ec.jpeg,2560,https://a0.muscache.com/im/pictures/hosting/Hosting-1516054436387600999/original/bfda8dbe-e035-4d87-a387-fbaae39368ec.jpeg?im_w=2560
42,2,06-bedroom-4,42-02-01623341-05bd-4860-8f2e-6308c3cc6ab3.jpeg,2560,https://a0.muscache.com/im/pictures/hosting/Hosting-1516054436387600999/original/01623341-05bd-4860-8f2e-6308c3cc6ab3.jpeg?im_w=2560
43,3,06-bedroom-4,43-03-65b691b5-459c-4696-a9b3-3ebec05e6c50.jpeg,2560,https://a0.muscache.com/im/pictures/hosting/Hosting-1516054436387600999/original/65b691b5-459c-4696-a9b3-3ebec05e6c50.jpeg?im_w=2560
44,4,06-bedroom-4,44-04-08902285-b0ee-4530-a0b7-c78d6f9f4510.jpeg,2560,https://a0.muscache.com/im/pictures/hosting/Hosting-1516054436387600999/original/08902285-b0ee-4530-a0b7-c78d6f9f4510.jpeg?im_w=2560
45,5,06-bedroom-4,45-05-d91682a7-a3ab-43af-a4ee-e0c3ea4ebcd7.jpeg,2560,https://a0.muscache.com/im/pictures/hosting/Hosting-1516054436387600999/original/d91682a7-a3ab-43af-a4ee-e0c3ea4ebcd7.jpeg?im_w=2560
46,6,06-bedroom-4,46-06-4e447161-65a0-4914-912d-193277e30204.jpeg,2560,https://a0.muscache.com/im/pictures/hosting/Hosting-1516054436387600999/original/4e447161-65a0-4914-912d-193277e30204.jpeg?im_w=2560
47,7,06-bedroom-4,47-07-f0446625-825a-4e49-afd2-8370cd0585c5.jpeg,2560,https://a0.muscache.com/im/pictures/hosting/Hosting-1516054436387600999/original/f0446625-825a-4e49-afd2-8370cd0585c5.jpeg?im_w=2560
48,8,06-bedroom-4,48-08-28cbac28-21a9-4f12-8db6-3e00d418599f.jpeg,2560,https://a0.muscache.com/im/pictures/hosting/Hosting-U3RheVN1cHBseUxpc3Rpbmc6MTUxNjA1NDQzNjM4NzYwMDk5OQ==/original/28cbac28-21a9-4f12-8db6-3e00d418599f.jpeg?im_w=2560
49,1,07-full-bathroom-1,49-01-fd495e3e-77e7-4c44-b3ff-2d49c04001ce.jpeg,2560,https://a0.muscache.com/im/pictures/hosting/Hosting-1516054436387600999/original/fd495e3e-77e7-4c44-b3ff-2d49c04001ce.jpeg?im_w=2560
50,2,07-full-bathroom-1,50-02-70f0acba-78e0-4b38-834f-e154ec6c5c74.jpeg,2560,https://a0.muscache.com/im/pictures/hosting/Hosting-1516054436387600999/original/70f0acba-78e0-4b38-834f-e154ec6c5c74.jpeg?im_w=2560
51,3,07-full-bathroom-1,51-03-e0de3688-146c-4bbd-af8d-07749f08494e.jpeg,2560,https://a0.muscache.com/im/pictures/hosting/Hosting-1516054436387600999/original/e0de3688-146c-4bbd-af8d-07749f08494e.jpeg?im_w=2560
52,4,07-full-bathroom-1,52-04-33e3fe1e-46ed-4b73-a55d-ec737fbe0ccd.jpeg,2560,https://a0.muscache.com/im/pictures/hosting/Hosting-1516054436387600999/original/33e3fe1e-46ed-4b73-a55d-ec737fbe0ccd.jpeg?im_w=2560
53,1,08-full-bathroom-2,53-01-9db64d0f-8aed-4690-b59e-44d7289c182b.jpeg,2560,https://a0.muscache.com/im/pictures/hosting/Hosting-1516054436387600999/original/9db64d0f-8aed-4690-b59e-44d7289c182b.jpeg?im_w=2560
54,2,08-full-bathroom-2,54-02-cb7fe430-2817-4a68-a6a4-96c3e9638802.jpeg,2560,https://a0.muscache.com/im/pictures/hosting/Hosting-1516054436387600999/original/cb7fe430-2817-4a68-a6a4-96c3e9638802.jpeg?im_w=2560
55,3,08-full-bathroom-2,55-03-9061bf77-0c27-4b58-bc63-3ebc324bb409.jpeg,2560,https://a0.muscache.com/im/pictures/hosting/Hosting-1516054436387600999/original/9061bf77-0c27-4b58-bc63-3ebc324bb409.jpeg?im_w=2560
56,4,08-full-bathroom-2,56-04-00e46ec7-ce1e-43d1-915a-c3175a22a6a5.jpeg,2560,https://a0.muscache.com/im/pictures/hosting/Hosting-1516054436387600999/original/00e46ec7-ce1e-43d1-915a-c3175a22a6a5.jpeg?im_w=2560
57,1,09-full-bathroom-3,57-01-9f6b2ec3-dc30-4c29-89a0-3b4add74d86c.jpeg,2560,https://a0.muscache.com/im/pictures/hosting/Hosting-1516054436387600999/original/9f6b2ec3-dc30-4c29-89a0-3b4add74d86c.jpeg?im_w=2560
58,2,09-full-bathroom-3,58-02-5409f3e4-b55c-4479-b0f2-cb041d0fffaf.jpeg,2560,https://a0.muscache.com/im/pictures/hosting/Hosting-1516054436387600999/original/5409f3e4-b55c-4479-b0f2-cb041d0fffaf.jpeg?im_w=2560
59,1,10-full-bathroom-4,59-01-8fb4a5b1-b3ea-470a-ae19-213a16af553c.jpeg,2560,https://a0.muscache.com/im/pictures/hosting/Hosting-1516054436387600999/original/8fb4a5b1-b3ea-470a-ae19-213a16af553c.jpeg?im_w=2560
60,2,10-full-bathroom-4,60-02-69e73344-9e8a-407b-ba30-919159ef3a06.jpeg,2560,https://a0.muscache.com/im/pictures/hosting/Hosting-1516054436387600999/original/69e73344-9e8a-407b-ba30-919159ef3a06.jpeg?im_w=2560
61,3,10-full-bathroom-4,61-03-de1e25d4-fc0f-4490-80ed-fe81a50eb5b8.jpeg,2560,https://a0.muscache.com/im/pictures/hosting/Hosting-1516054436387600999/original/de1e25d4-fc0f-4490-80ed-fe81a50eb5b8.jpeg?im_w=2560
62,1,11-balcony,62-01-0b3fb373-dde6-4070-adbe-547e992c76fa.jpeg,2560,https://a0.muscache.com/im/pictures/hosting/Hosting-1516054436387600999/original/0b3fb373-dde6-4070-adbe-547e992c76fa.jpeg?im_w=2560
63,2,11-balcony,63-02-8e18c281-f9ae-48a2-a4f6-e3aec632bd6d.jpeg,2560,https://a0.muscache.com/im/pictures/hosting/Hosting-1516054436387600999/original/8e18c281-f9ae-48a2-a4f6-e3aec632bd6d.jpeg?im_w=2560
64,3,11-balcony,64-03-c96489b5-2c40-4bee-95ae-4dee9e520713.jpeg,2560,https://a0.muscache.com/im/pictures/hosting/Hosting-U3RheVN1cHBseUxpc3Rpbmc6MTUxNjA1NDQzNjM4NzYwMDk5OQ==/original/c96489b5-2c40-4bee-95ae-4dee9e520713.jpeg?im_w=2560
65,4,11-balcony,65-04-7c69fdf5-8e43-4d21-9ec9-c0dde9bad65b.jpeg,2560,https://a0.muscache.com/im/pictures/hosting/Hosting-U3RheVN1cHBseUxpc3Rpbmc6MTUxNjA1NDQzNjM4NzYwMDk5OQ==/original/7c69fdf5-8e43-4d21-9ec9-c0dde9bad65b.jpeg?im_w=2560
66,5,11-balcony,66-05-1326003d-55a4-4862-a16f-b4c44678eed0.jpeg,2560,https://a0.muscache.com/im/pictures/hosting/Hosting-U3RheVN1cHBseUxpc3Rpbmc6MTUxNjA1NDQzNjM4NzYwMDk5OQ==/original/1326003d-55a4-4862-a16f-b4c44678eed0.jpeg?im_w=2560
67,6,11-balcony,67-06-12de652b-c7d5-49b7-992b-4c7e10686dde.jpeg,2560,https://a0.muscache.com/im/pictures/hosting/Hosting-U3RheVN1cHBseUxpc3Rpbmc6MTUxNjA1NDQzNjM4NzYwMDk5OQ==/original/12de652b-c7d5-49b7-992b-4c7e10686dde.jpeg?im_w=2560
68,1,12-laundry-area,68-01-391fbce7-f174-4938-9725-86ab6f7d3d76.jpeg,2560,https://a0.muscache.com/im/pictures/hosting/Hosting-U3RheVN1cHBseUxpc3Rpbmc6MTUxNjA1NDQzNjM4NzYwMDk5OQ==/original/391fbce7-f174-4938-9725-86ab6f7d3d76.jpeg?im_w=2560
69,2,12-laundry-area,69-02-2e30b631-59cb-434f-8c18-3844ab42380c.jpeg,2560,https://a0.muscache.com/im/pictures/hosting/Hosting-U3RheVN1cHBseUxpc3Rpbmc6MTUxNjA1NDQzNjM4NzYwMDk5OQ==/original/2e30b631-59cb-434f-8c18-3844ab42380c.jpeg?im_w=2560
70,3,12-laundry-area,70-03-dd61b47b-c9cc-4c49-9dcc-beee18b3776e.jpeg,2560,https://a0.muscache.com/im/pictures/hosting/Hosting-U3RheVN1cHBseUxpc3Rpbmc6MTUxNjA1NDQzNjM4NzYwMDk5OQ==/original/dd61b47b-c9cc-4c49-9dcc-beee18b3776e.jpeg?im_w=2560
71,4,12-laundry-area,71-04-63b8a364-66a5-4c85-a65b-0cfc1758ead0.jpeg,2560,https://a0.muscache.com/im/pictures/hosting/Hosting-U3RheVN1cHBseUxpc3Rpbmc6MTUxNjA1NDQzNjM4NzYwMDk5OQ==/original/63b8a364-66a5-4c85-a65b-0cfc1758ead0.jpeg?im_w=2560
72,1,13-exterior,72-01-7d1e3bb6-6cd8-4ec7-ab73-578678a81a7c.jpeg,2560,https://a0.muscache.com/im/pictures/hosting/Hosting-1516054436387600999/original/7d1e3bb6-6cd8-4ec7-ab73-578678a81a7c.jpeg?im_w=2560
73,2,13-exterior,73-02-89d18bfc-5609-4a47-96b2-d2a583fefa2f.jpeg,2560,https://a0.muscache.com/im/pictures/hosting/Hosting-1516054436387600999/original/89d18bfc-5609-4a47-96b2-d2a583fefa2f.jpeg?im_w=2560
74,3,13-exterior,74-03-983be755-32c5-46b4-adf8-b3eab15cb9b2.jpeg,2560,https://a0.muscache.com/im/pictures/hosting/Hosting-1516054436387600999/original/983be755-32c5-46b4-adf8-b3eab15cb9b2.jpeg?im_w=2560
75,4,13-exterior,75-04-76c70947-9b8d-4d1d-adb2-58034bdede18.jpeg,2560,https://a0.muscache.com/im/pictures/hosting/Hosting-1516054436387600999/original/76c70947-9b8d-4d1d-adb2-58034bdede18.jpeg?im_w=2560
76,5,13-exterior,76-05-2131511f-e5c4-4272-b697-91f0d352bbb1.jpeg,2560,https://a0.muscache.com/im/pictures/hosting/Hosting-1516054436387600999/original/2131511f-e5c4-4272-b697-91f0d352bbb1.jpeg?im_w=2560
77,6,13-exterior,77-06-4485a7f8-b3b5-4737-9dea-6549d15f4d85.jpeg,2560,https://a0.muscache.com/im/pictures/hosting/Hosting-1516054436387600999/original/4485a7f8-b3b5-4737-9dea-6549d15f4d85.jpeg?im_w=2560
78,1,14-pool,78-01-d2fcb2dd-e459-4df6-b5c0-9afe20ea4ab3.jpeg,2560,https://a0.muscache.com/im/pictures/hosting/Hosting-1516054436387600999/original/d2fcb2dd-e459-4df6-b5c0-9afe20ea4ab3.jpeg?im_w=2560
79,2,14-pool,79-02-ea6b2561-889f-4429-acfa-c6cb258fe03b.jpeg,2560,https://a0.muscache.com/im/pictures/hosting/Hosting-1516054436387600999/original/ea6b2561-889f-4429-acfa-c6cb258fe03b.jpeg?im_w=2560
80,3,14-pool,80-03-ea5354d5-80dc-4477-971b-99f705483063.jpeg,2560,https://a0.muscache.com/im/pictures/hosting/Hosting-1516054436387600999/original/ea5354d5-80dc-4477-971b-99f705483063.jpeg?im_w=2560
81,4,14-pool,81-04-55e7e335-f8bc-4064-97b9-744994727e49.jpeg,2560,https://a0.muscache.com/im/pictures/hosting/Hosting-1516054436387600999/original/55e7e335-f8bc-4064-97b9-744994727e49.jpeg?im_w=2560
82,5,14-pool,82-05-aba74693-ffd5-40eb-8d6c-49094aea7833.jpeg,2560,https://a0.muscache.com/im/pictures/hosting/Hosting-1516054436387600999/original/aba74693-ffd5-40eb-8d6c-49094aea7833.jpeg?im_w=2560
83,6,14-pool,83-06-e6f10cde-5117-4181-a5c3-e50f474757db.jpeg,2560,https://a0.muscache.com/im/pictures/hosting/Hosting-1516054436387600999/original/e6f10cde-5117-4181-a5c3-e50f474757db.jpeg?im_w=2560
84,7,14-pool,84-07-9feaa414-f279-4e6a-84a5-9d76822614f3.jpeg,2560,https://a0.muscache.com/im/pictures/hosting/Hosting-1516054436387600999/original/9feaa414-f279-4e6a-84a5-9d76822614f3.jpeg?im_w=2560
85,8,14-pool,85-08-76e70c91-6f08-4ace-9523-871ada987c63.jpeg,2560,https://a0.muscache.com/im/pictures/hosting/Hosting-1516054436387600999/original/76e70c91-6f08-4ace-9523-871ada987c63.jpeg?im_w=2560
86,9,14-pool,86-09-b7a0fe36-df97-4f2b-b222-8acd30d541a6.jpeg,2560,https://a0.muscache.com/im/pictures/hosting/Hosting-1516054436387600999/original/b7a0fe36-df97-4f2b-b222-8acd30d541a6.jpeg?im_w=2560
87,10,14-pool,87-10-4c05b574-d1a4-4388-a5e3-8e049e7c0ebb.jpeg,2560,https://a0.muscache.com/im/pictures/hosting/Hosting-1516054436387600999/original/4c05b574-d1a4-4388-a5e3-8e049e7c0ebb.jpeg?im_w=2560
88,11,14-pool,88-11-ee1136c8-6376-4709-ab90-e9394899caa6.jpeg,2560,https://a0.muscache.com/im/pictures/hosting/Hosting-1516054436387600999/original/ee1136c8-6376-4709-ab90-e9394899caa6.jpeg?im_w=2560
89,12,14-pool,89-12-2ea621d3-a9ac-4595-a05c-97e3442da419.jpeg,2560,https://a0.muscache.com/im/pictures/hosting/Hosting-1516054436387600999/original/2ea621d3-a9ac-4595-a05c-97e3442da419.jpeg?im_w=2560
90,13,14-pool,90-13-b861ed6e-40fb-474e-9bf4-ed17bd183b0b.jpeg,2560,https://a0.muscache.com/im/pictures/hosting/Hosting-1516054436387600999/original/b861ed6e-40fb-474e-9bf4-ed17bd183b0b.jpeg?im_w=2560
91,14,14-pool,91-14-c5a454cb-f4ed-499c-8a3b-1469ee0a253b.jpeg,2560,https://a0.muscache.com/im/pictures/hosting/Hosting-1516054436387600999/original/c5a454cb-f4ed-499c-8a3b-1469ee0a253b.jpeg?im_w=2560
92,1,15-additional-photos,92-01-89f68e5e-c00a-40f4-b0a7-3a31bb5235b8.jpeg,2560,https://a0.muscache.com/im/pictures/hosting/Hosting-1516054436387600999/original/89f68e5e-c00a-40f4-b0a7-3a31bb5235b8.jpeg?im_w=2560
